forecast_date,days_ahead,predicted_participants,predicted_bookings,predicted_revenue_php,demand_level,season_period,instructors_needed,_month
2026-10-06,7,16.2,7.3,63224.76,Medium,Shoulder,5,2026-10
2026-10-13,14,15.8,7.3,64816.71,Medium,Shoulder,4,2026-10
2026-10-20,21,16.8,7.2,63834.65,Medium,Shoulder,5,2026-10
2026-10-27,28,16.6,7.2,64076.35,Medium,Shoulder,5,2026-10
2026-11-03,35,16.2,6.7,62298.21,Medium,Shoulder,5,2026-11
2026-11-10,42,16.4,6.7,65510.68,Medium,Shoulder,5,2026-11
2026-11-17,49,15.3,6.7,59857.23,Medium,Shoulder,4,2026-11
2026-11-24,56,16.9,7.5,72462.84,Medium,Shoulder,5,2026-11
2026-12-01,63,23.4,9.7,96776.01,High,Peak,6,2026-12
2026-12-08,70,22.7,10.3,88252.06,High,Peak,6,2026-12
2026-12-15,77,19.0,8.7,73397.2,Medium,Peak,5,2026-12
2026-12-22,84,19.2,9.7,80341.91,High,Peak,5,2026-12
2026-12-29,91,15.3,9.4,76896.42,Medium,Peak,4,2026-12
